1603292305007562754,"Went on store visits with Jimmy today.Also to IKEA üòÄ @springvalehomemakercentre@richmond_vic_3121#ikea #Harveynorman #Springvale #richmond #tram #Melbourne #citydriving @ Melbourne, Victoria, Australia https://t.co/7CEd4GGw2d",2022-12-15 07:34:07+00:00,0,0,0,0
1603291467489107968,So good I had to share! Check out all the items I'm loving on @Poshmarkapp #poshmark #fashion #style #shopmycloset #coach #ikea #victoriassecret: https://t.co/myyZRfHW0t https://t.co/4SiDrQSA5u,2022-12-15 07:30:48+00:00,0,0,0,0
1603291072029143040,So good I had to share! Check out all the items I'm loving on @Poshmarkapp #poshmark #fashion #style #shopmycloset #laurenralphlauren #ikea #lacoste: https://t.co/8HyGqN7eVW https://t.co/goRWUrwCbL,2022-12-15 07:29:13+00:00,0,0,0,0
1603267903088128000,How IKEA evolved with new tech. (A Thread)#ikea #homedecor #interior #interiordesign #home https://t.co/lbITXS3h5U,2022-12-15 05:57:10+00:00,0,1,2,0
1603266289610506241,".....üòé#ikea @ ORION Mall, Panvel https://t.co/IY0ZUdaI01",2022-12-15 05:50:45+00:00,0,0,0,0
1603261087360897024,"IKEA to invest Rs 4,000 crore in retail stores in UP #Ikea #IkeaNews #UttarPradesh #RetailStores #Investment #IKEAStoresInUP  https://t.co/IfW27houJi",2022-12-15 05:30:05+00:00,0,0,1,0
1603254934832570368,#ThursdayMorning #thursdayvibes #Birmingham #Ikea it's never just another day at the office with me around ü§£ #FridayFeeling is here.Please share xx https://t.co/aQllPJolZg,2022-12-15 05:05:38+00:00,13,6,64,1
1603246392818159616,So good I had to share! Check out all the items I'm loving on @Poshmarkapp #poshmark #fashion #style #shopmycloset #ikea: https://t.co/B3wEy475HX https://t.co/amn4QOu36m,2022-12-15 04:31:41+00:00,0,1,0,0
1603246138366328832,Just walking through #Ikea and found this typo.... What the fuc? Fuction vs Function https://t.co/AGpqDgn3CZ https://t.co/3JhjnDtCoL,2022-12-15 04:30:40+00:00,0,0,0,0
1603245897357344768,Just walking through #Ikea and found this typo.... What the fuc? https://t.co/6R6juATCm2 https://t.co/CybU8Fofra,2022-12-15 04:29:43+00:00,0,0,0,0
1603241060519460864,IKEA VLOG | Udith Vlogs ü§©Out Now In üßêUdith Vlogs (Youtube Channel) üòÉ#udithvlogs #ikeabatukawan #ikea https://t.co/DGd6L7NihR,2022-12-15 04:10:30+00:00,0,0,1,0
1603215693654249473,if #ikea was a fashion brand it would be #Balenciaga,2022-12-15 02:29:42+00:00,0,0,0,0
1603214518871592962,How do I get out of here - #IKEA #blog   ouwth51  https://t.co/XoJpYToYlj,2022-12-15 02:25:02+00:00,0,0,0,0
1603203426019516416,I want a video game where you run around an Ikea. No plot or objective. Just an open world sandbox game of Ikea.  Interact with the furniture and items in there. Like Goat Simulator kind of... but in Ikea. As a human shopper. Please someone make this happen. #IKEA #gaming https://t.co/fXo7rMShN3,2022-12-15 01:40:57+00:00,0,0,3,0
1603185653365477376,So good I had to share! Check out all the items I'm loving on @Poshmarkapp #poshmark #fashion #style #shopmycloset #badgleymischka #aqua #ikea: https://t.co/eEhD4RvguK https://t.co/Acuenblthn,2022-12-15 00:30:20+00:00,0,0,0,0
1603183060635291649,How do I get out of here - #IKEA #blog   ouwth141  https://t.co/XoJpYToYlj,2022-12-15 00:20:02+00:00,0,0,0,0
