0,1603022922700005376,5 trends that will impact the retail industry in 2023#Trending #TrendingNow #ecommercetips  #ecommercebusiness #Retail #Nike #ikea #omnichannel #business #buffalony #TechnologyNews #Metaverse #CryptoNews $BTC $ETH $ICP $AXS $AXS $THETA $MANA $SAND $APEhttps://t.co/akDHKA9HEn,2022-12-14 13:43:42+00:00,0,0,0,0
1,1603022659926855682,Better get down to #IKEA üëÄ https://t.co/xyn9V9g5WF,2022-12-14 13:42:39+00:00,0,0,0,0
2,1603020042920251395,"RT https://t.co/HsMChrWpA7 First wave of speakers announced for the ITSX Summit 2023. #IKEA, #NatWest, #Sky, #WarnerMusicGroup and more. View speakers now: https://t.co/qQLXMbmjTs #itsxsummit #‚Ä¶ https://t.co/Tv1l5WTpoE",2022-12-14 13:32:15+00:00,0,0,0,0
3,1602994314161917952,"First wave of speakers announced for the ITSX Summit 2023. #IKEA, #NatWest, #Sky, #WarnerMusicGroup and more. View speakers now: https://t.co/VEvmYc0fZl #itsxsummit #servicedesk #itsupport #scotland https://t.co/4KvF61ktXL",2022-12-14 11:50:01+00:00,0,0,0,1
4,1602988666191740928,"Absolutely nothing is working right now. Thames water is useless, to reg for council tax takes months apparently, our ikea order is nowhere to be seen and the Internet set up by Vodafone was an absolute shot show , gone to a virgin. ü§û#ikea #vodafone #thameswater",2022-12-14 11:27:34+00:00,0,0,0,0
5,1602985921271537665,My new rug makes me so happy üòç #ikea,2022-12-14 11:16:40+00:00,0,0,0,0
6,1602984390090698756,25/ 09/ 2015 .. Shri #AkhileshYadav Regime !#IKEA#IKEAinUP https://t.co/Vy1q0xc7St,2022-12-14 11:10:35+00:00,7,0,14,0
7,1602982791213645824,@navneetsehgal3 @NandiGuptaBJP @JitinPrasada @UP_ODOP @InvestInUp Originally #IKEA was brought to UP by Shri @yadavakhilesh during his regime which opened doors for other multinationals to start operations in UP ! So let‚Äôs give credit where it‚Äôs due ! https://t.co/Kv1egIwwSV,2022-12-14 11:04:14+00:00,0,0,1,0
8,1602980481347338240,How do I get out of here - #IKEA #blog   ouw107  https://t.co/PmzQnQsYpR,2022-12-14 10:55:03+00:00,0,0,0,0
9,1602980481259159552,How do I get out of here - #IKEA #blog   ouw107  https://t.co/XoJpYToYlj,2022-12-14 10:55:03+00:00,0,0,0,0
10,1602975391580590081,The delegation led by @NandiGuptaBJP @JitinPrasada Met jan kristensson Global expansion and development manager #IKEA today among snowfall.IKEA investing almost Rs 4000cr in Noida. Discussed with them the possibilities of their outsourcing from @UP_ODOP artisans also @InvestInUp https://t.co/b3orl2nT2A,2022-12-14 10:34:49+00:00,9,2,29,0
11,1602955813085057024,My new rug makes me so happy üòç #ikea,2022-12-14 09:17:01+00:00,0,0,0,0
12,1602941481123074048,Day 10 Finally finished just after midnight! Went to IKEA today and it was fun! Good thing we didn't get lost...#art #artwork #artists #IKEA #illustration #artmoot #AffinityPhoto2 #anime #menacing #jojo https://t.co/5DCHcl36Ch,2022-12-14 08:20:04+00:00,2,1,6,0
13,1602941234468773889,Elf-assemby I can get behind. Bravo @IKEAUK üéÑThis chocolate moose is a lovely little gift for IKEA fans as well as those that get incredibly frustrated with flat pack furniture ü§£#chocolate #ikea https://t.co/XMJ6OoWsME,2022-12-14 08:19:06+00:00,0,1,4,0
14,1602929302890516480,So good I had to share! Check out all the items I'm loving on @Poshmarkapp #poshmark #fashion #style #shopmycloset #ikea #lovebarbara #comensee: https://t.co/De2T7Mlh5W https://t.co/pmXD7oWP7L,2022-12-14 07:31:41+00:00,0,0,0,0
15,1602922238965342208,A cabinet ad by @IKEAIndia . creativity üíØ#creativeads #ikea #innovativeideas #creativityonpoint https://t.co/lI1PhLJ4ZC,2022-12-14 07:03:37+00:00,0,0,1,0
16,1602911328569790464,"Chasing @IKEAUK and @VodafoneUK for updates for over 1 month. It‚Äôs like talking to a ‚Ä¶ bot? Running out of ideas, suggestions welcome! #ikea #missingpart #Vodafone #internet #wfhissues #whattodo #customerexperience #badcx #ikeauk #vodafoneuk",2022-12-14 06:20:16+00:00,0,0,0,0
17,1602858643246186496,My favorite form of self-sabotage is to try to put #IKEA furniture together without instructions.,2022-12-14 02:50:54+00:00,0,0,0,0
18,1602852134546014209,How do I get out of here - #IKEA #blog   ouw51  https://t.co/XoJpYToYlj,2022-12-14 02:25:03+00:00,0,0,0,0
19,1602852134302752769,How do I get out of here - #IKEA #blog   ouw51  https://t.co/PmzQnQsYpR,2022-12-14 02:25:03+00:00,0,0,0,0
20,1602844716910911488,They should make an #Ikea-themed escape room.,2022-12-14 01:55:34+00:00,0,0,0,0
21,1602838219183235072,IKEA confirms it was hit in significant cyberattack https://t.co/VhU1RH8Xdy #ikea #cyberattack #security,2022-12-14 01:29:45+00:00,0,0,0,0
22,1602838139760148480,So good I had to share! Check out all the items I'm loving on @Poshmarkapp #poshmark #fashion #style #shopmycloset #kendallkylie #ikea #barefootdreams: https://t.co/pmWxD8nEX8 https://t.co/0nJpz11g69,2022-12-14 01:29:26+00:00,0,0,0,0
23,1602831056687726598,#IKEA continues to be your ally when you want to innovate in the technology of your home with these plugs https://t.co/PaoQluPeeO,2022-12-14 01:01:17+00:00,0,0,0,0
24,1602820676284747776,How do I get out of here - #IKEA #blog   ouw141  https://t.co/PmzQnQtwfp,2022-12-14 00:20:02+00:00,0,0,0,0
25,1602820676053786636,How do I get out of here - #IKEA #blog   ouw141  https://t.co/XoJpYToYlj,2022-12-14 00:20:02+00:00,0,0,0,0
